"","prize","prizeLabel","person","personLabel","pic","sexlabel","countrylabel","birth","death"
"1","http://www.wikidata.org/entity/Q3888785","Premio Adonáis de Poesía","http://www.wikidata.org/entity/Q10902603","Miguel Fernández","http://commons.wikimedia.org/wiki/Special:FilePath/Miguel%20fernadez%20poeta.jpg","masculino","España","1931-05-13T00:00:00Z","1993-03-05T00:00:00Z"
"2","http://www.wikidata.org/entity/Q3405924","Premio Internacional Alfonso Reyes","http://www.wikidata.org/entity/Q909","Jorge Luis Borges","http://commons.wikimedia.org/wiki/Special:FilePath/Jorge%20Luis%20Borges%201951%2C%20by%20Grete%20Stern.jpg","masculino","Argentina","1899-08-24T00:00:00Z","1986-06-14T00:00:00Z"
"3","http://www.wikidata.org/entity/Q1088492","Premio Rómulo Gallegos","http://www.wikidata.org/entity/Q5878","Gabriel García Márquez","http://commons.wikimedia.org/wiki/Special:FilePath/Gabriel%20Garcia%20Marquez.jpg","masculino","Colombia","1927-03-06T00:00:00Z","2014-04-17T00:00:00Z"
"4","http://www.wikidata.org/entity/Q860699","Premio Nacional de Literatura","http://www.wikidata.org/entity/Q34189","Pablo Neruda","http://commons.wikimedia.org/wiki/Special:FilePath/Pablo%20Neruda%201963.jpg","masculino","Chile","1904-07-12T00:00:00Z","1973-09-23T00:00:00Z"
"5","http://www.wikidata.org/entity/Q3405924","Premio Internacional Alfonso Reyes","http://www.wikidata.org/entity/Q59837","Jorge Guillén","http://commons.wikimedia.org/wiki/Special:FilePath/Jorge%20Guill%C3%A9n%20y%20la%20infancia.jpg","masculino","España","1893-01-18T00:00:00Z","1984-02-02T00:00:00Z"
"6","http://www.wikidata.org/entity/Q3405924","Premio Internacional Alfonso Reyes","http://www.wikidata.org/entity/Q59837","Jorge Guillén","http://commons.wikimedia.org/wiki/Special:FilePath/Jorge%20Guill%C3%A9n%20y%20la%20infancia.jpg","masculino","España","1893-01-18T00:00:00Z","1984-02-06T00:00:00Z"
"7","http://www.wikidata.org/entity/Q860699","Premio Nacional de Literatura","http://www.wikidata.org/entity/Q5742535","Hernán del Solar","http://commons.wikimedia.org/wiki/Special:FilePath/Hern%C3%A1n%20del%20Solar.png","masculino","Chile","1901-09-19T00:00:00Z","1985-01-22T00:00:00Z"
"8","http://www.wikidata.org/entity/Q4663319","Premio Café Gijón","http://www.wikidata.org/entity/Q5860120","Fernando Quiñones","http://commons.wikimedia.org/wiki/Special:FilePath/Estatuafernandoqui.jpg","masculino","España","1930-03-02T00:00:00Z","1998-11-17T00:00:00Z"
"9","http://www.wikidata.org/entity/Q860699","Premio Nacional de Literatura","http://www.wikidata.org/entity/Q5862065","Julio Barrenechea","http://commons.wikimedia.org/wiki/Special:FilePath/Julio%20Barrenechea%20Pino.jpg","masculino","Chile","1910-03-13T00:00:00Z","1979-11-09T00:00:00Z"
"10","http://www.wikidata.org/entity/Q860699","Premio Nacional de Literatura","http://www.wikidata.org/entity/Q6299957","Juan Guzmán Cruchaga","http://commons.wikimedia.org/wiki/Special:FilePath/Juan%20Guzm%C3%A1n%20Cruchaga%20-%20MINREL.jpg","masculino","Chile","1895-03-27T00:00:00Z","1979-07-21T00:00:00Z"
"11","http://www.wikidata.org/entity/Q860699","Premio Nacional de Literatura","http://www.wikidata.org/entity/Q7159882","Pedro Prado","http://commons.wikimedia.org/wiki/Special:FilePath/Pedro%20Prado.jpg","masculino","Chile","1886-10-08T00:00:00Z","1952-01-31T00:00:00Z"
"12","http://www.wikidata.org/entity/Q860699","Premio Nacional de Literatura","http://www.wikidata.org/entity/Q7398153","Sady Zañartu","http://commons.wikimedia.org/wiki/Special:FilePath/Sady%20Za%C3%B1artu.jpg","masculino","Chile","1893-05-06T00:00:00Z","1983-01-01T00:00:00Z"
"13","http://www.wikidata.org/entity/Q860699","Premio Nacional de Literatura","http://www.wikidata.org/entity/Q7412017","Samuel Lillo","http://commons.wikimedia.org/wiki/Special:FilePath/Samuel%20A%20Lillo.jpg","masculino","Chile","1870-02-13T00:00:00Z","1958-10-19T00:00:00Z"
"14","http://www.wikidata.org/entity/Q860699","Premio Nacional de Literatura","http://www.wikidata.org/entity/Q7944610","Víctor Domingo Silva","http://commons.wikimedia.org/wiki/Special:FilePath/V%C3%ADctor%20Domingo%20Silva.jpg","masculino","Chile","1882-05-12T00:00:00Z","1960-08-20T00:00:00Z"
"15","http://www.wikidata.org/entity/Q860699","Premio Nacional de Literatura","http://www.wikidata.org/entity/Q8246479","Benjamín Subercaseaux","http://commons.wikimedia.org/wiki/Special:FilePath/Benjamin%20Subercaseaux.jpg","masculino","Chile","1902-11-20T00:00:00Z","1973-03-11T00:00:00Z"
"16","http://www.wikidata.org/entity/Q860699","Premio Nacional de Literatura","http://www.wikidata.org/entity/Q9003221","Hernán Díaz Arrieta","http://commons.wikimedia.org/wiki/Special:FilePath/Alone%201916.JPG","masculino","Chile","1891-01-01T00:00:00Z","1984-01-01T00:00:00Z"
"17","http://www.wikidata.org/entity/Q860699","Premio Nacional de Literatura","http://www.wikidata.org/entity/Q9014584","José Miguel Varas","http://commons.wikimedia.org/wiki/Special:FilePath/Varas%2C%20Jose%20Miguel%20diciembre%202010.jpg","masculino","Chile","1928-03-12T00:00:00Z","2011-09-23T00:00:00Z"
"18","http://www.wikidata.org/entity/Q1280377","Premio Alfaguara de Novela","http://www.wikidata.org/entity/Q1362119","Tomás Eloy Martínez","http://commons.wikimedia.org/wiki/Special:FilePath/Tom%C3%A1s%20Eloy%20Mart%C3%ADnez.JPG","masculino","Argentina","1934-07-16T00:00:00Z","2010-01-31T00:00:00Z"
"19","http://www.wikidata.org/entity/Q3326922","Premio de la Crítica Española","http://www.wikidata.org/entity/Q1657241","Ignacio Aldecoa","http://commons.wikimedia.org/wiki/Special:FilePath/Ignacio%20aldecoa%20%28estatua%29.jpg","masculino","España","1925-07-24T00:00:00Z","1969-11-15T00:00:00Z"
"20","http://www.wikidata.org/entity/Q1280377","Premio Alfaguara de Novela","http://www.wikidata.org/entity/Q1819953","Leopoldo Brizuela","http://commons.wikimedia.org/wiki/Special:FilePath/Leopoldo%20Brizuela.jpg","masculino","Argentina","1963-06-08T00:00:00Z","2019-05-14T00:00:00Z"
"21","http://www.wikidata.org/entity/Q860699","Premio Nacional de Literatura","http://www.wikidata.org/entity/Q1891716","Manuel Rojas","http://commons.wikimedia.org/wiki/Special:FilePath/ManuelRojas.jpg","masculino","Chile","1896-01-08T00:00:00Z","1973-03-11T00:00:00Z"
"22","http://www.wikidata.org/entity/Q3888785","Premio Adonáis de Poesía","http://www.wikidata.org/entity/Q2159631","Roberto Sosa","http://commons.wikimedia.org/wiki/Special:FilePath/07-06-07%20federico%202.jpg","masculino","Honduras","1930-04-18T00:00:00Z","2011-05-23T00:00:00Z"
"23","http://www.wikidata.org/entity/Q3888785","Premio Adonáis de Poesía","http://www.wikidata.org/entity/Q2159631","Roberto Sosa","http://commons.wikimedia.org/wiki/Special:FilePath/Roberto%20Sosa.jpg","masculino","Honduras","1930-04-18T00:00:00Z","2011-05-23T00:00:00Z"
"24","http://www.wikidata.org/entity/Q1630979","Premio Planeta","http://www.wikidata.org/entity/Q2454603","Francisco González Ledesma","http://commons.wikimedia.org/wiki/Special:FilePath/Fgledesma.jpg","masculino","España","1927-03-17T00:00:00Z","2015-03-02T00:00:00Z"
"25","http://www.wikidata.org/entity/Q926015","Premio Nadal","http://www.wikidata.org/entity/Q2621397","Álvaro Cunqueiro","http://commons.wikimedia.org/wiki/Special:FilePath/%C3%81lvaro%20Cunqueiro%201928.jpg","masculino","España","1911-12-22T00:00:00Z","1981-02-28T00:00:00Z"
"26","http://www.wikidata.org/entity/Q1630979","Premio Planeta","http://www.wikidata.org/entity/Q2748457","Ricardo de la Cierva","http://commons.wikimedia.org/wiki/Special:FilePath/%28de%20la%20Cierva%29%20Adolfo%20Su%C3%A1rez%20ofrece%20una%20rueda%20de%20prensa%20junto%20al%20ministro%20de%20Trabajo%20en%20el%20Congreso%20de%20los%20Diputados%20%28cropped%29.jpg","masculino","España","1926-11-09T00:00:00Z","2015-11-19T00:00:00Z"
"27","http://www.wikidata.org/entity/Q3888785","Premio Adonáis de Poesía","http://www.wikidata.org/entity/Q2997430","José Ángel Valente","http://commons.wikimedia.org/wiki/Special:FilePath/Jose%20Angel%20Valente.jpg","masculino","España","1929-04-25T00:00:00Z","2000-07-18T00:00:00Z"
"28","http://www.wikidata.org/entity/Q860699","Premio Nacional de Literatura","http://www.wikidata.org/entity/Q3025901","Francisco Antonio Encina","http://commons.wikimedia.org/wiki/Special:FilePath/Francisco%20Antonio%20Encina%20%281903%29.jpeg","masculino","Chile","1874-09-10T00:00:00Z","1965-08-23T00:00:00Z"
"29","http://www.wikidata.org/entity/Q3405924","Premio Internacional Alfonso Reyes","http://www.wikidata.org/entity/Q3051986","Ernesto de la Peña","http://commons.wikimedia.org/wiki/Special:FilePath/Ernesto%20de%20la%20Pe%C3%B1a%20en%20su%20biblioteca.jpg","masculino","México","1927-11-21T00:00:00Z","2012-09-10T00:00:00Z"
"30","http://www.wikidata.org/entity/Q860699","Premio Nacional de Literatura","http://www.wikidata.org/entity/Q3435465","Roque Esteban Scarpa","http://commons.wikimedia.org/wiki/Special:FilePath/1985%20Roque%20Esteban%20Scarpa%20%2830336969153%29%20%28cropped%29.jpg","masculino","Chile","1914-03-26T00:00:00Z","1995-01-11T00:00:00Z"
"31","http://www.wikidata.org/entity/Q1630979","Premio Planeta","http://www.wikidata.org/entity/Q3577021","Ángel Vázquez Molina","http://commons.wikimedia.org/wiki/Special:FilePath/Vazquez.jpg","masculino","Marruecos","1929-06-03T00:00:00Z","1980-02-25T00:00:00Z"
"32","http://www.wikidata.org/entity/Q1630979","Premio Planeta","http://www.wikidata.org/entity/Q3577021","Ángel Vázquez Molina","http://commons.wikimedia.org/wiki/Special:FilePath/Vazquez.jpg","masculino","España","1929-06-03T00:00:00Z","1980-02-25T00:00:00Z"
"33","http://www.wikidata.org/entity/Q3320346","Premio Nacional de Narrativa","http://www.wikidata.org/entity/Q3751269","Concha Espina","http://commons.wikimedia.org/wiki/Special:FilePath/1920%2C%20Historia%20de%20la%20lengua%20y%20literatura%20castellana%2C%20Concha%20Espina.jpg","femenino","España","1869-05-15T00:00:00Z","1955-05-19T00:00:00Z"
"34","http://www.wikidata.org/entity/Q926015","Premio Nadal","http://www.wikidata.org/entity/Q3752823","Ramiro Pinilla","http://commons.wikimedia.org/wiki/Special:FilePath/Ramiro%20Pinilla.JPG","masculino","España","1923-09-13T00:00:00Z","2014-10-23T00:00:00Z"
"35","http://www.wikidata.org/entity/Q3320346","Premio Nacional de Narrativa","http://www.wikidata.org/entity/Q3752823","Ramiro Pinilla","http://commons.wikimedia.org/wiki/Special:FilePath/Ramiro%20Pinilla.JPG","masculino","España","1923-09-13T00:00:00Z","2014-10-23T00:00:00Z"
"36","http://www.wikidata.org/entity/Q926015","Premio Nadal","http://www.wikidata.org/entity/Q4355840","Elena Quiroga","http://commons.wikimedia.org/wiki/Special:FilePath/Elena%20Quiroga.jpg","femenino","España","1921-10-26T00:00:00Z","1995-10-03T00:00:00Z"
"37","http://www.wikidata.org/entity/Q860699","Premio Nacional de Literatura","http://www.wikidata.org/entity/Q4958242","Braulio Arenas","http://commons.wikimedia.org/wiki/Special:FilePath/Busto%20de%20Braulio%20Arenas%20en%20el%20Paseo%20de%20los%20Poetas%20-%20panoramio.jpg","masculino","Chile","1913-04-04T00:00:00Z","1988-05-12T00:00:00Z"
"38","http://www.wikidata.org/entity/Q860699","Premio Nacional de Literatura","http://www.wikidata.org/entity/Q5219179","Daniel de la Vega","http://commons.wikimedia.org/wiki/Special:FilePath/Daniel%20de%20la%20Vega%2C%201892-1971.jpg","masculino","Chile","1892-06-30T00:00:00Z","1971-07-29T00:00:00Z"
"39","http://www.wikidata.org/entity/Q860699","Premio Nacional de Literatura","http://www.wikidata.org/entity/Q5337577","Edgardo Garrido","http://commons.wikimedia.org/wiki/Special:FilePath/Garrido%20Edgardo%20-foto%201935%20La%20Nacion.jpg","masculino","Chile","1888-01-01T00:00:00Z","1976-01-01T00:00:00Z"
"40","http://www.wikidata.org/entity/Q860699","Premio Nacional de Literatura","http://www.wikidata.org/entity/Q5340509","Eduardo Anguita","http://commons.wikimedia.org/wiki/Special:FilePath/Eduardo%20Anguita%20I.gif","masculino","Chile","1914-11-14T00:00:00Z","1992-08-12T00:00:00Z"
"41","http://www.wikidata.org/entity/Q926015","Premio Nadal","http://www.wikidata.org/entity/Q5340549","Eduardo Caballero Calderón","http://commons.wikimedia.org/wiki/Special:FilePath/EduardoCaballeroCalderon.jpg","masculino","Colombia","1910-03-06T00:00:00Z","1993-04-03T00:00:00Z"
"42","http://www.wikidata.org/entity/Q860699","Premio Nacional de Literatura","http://www.wikidata.org/entity/Q5379654","Enrique Campos Menéndez","http://commons.wikimedia.org/wiki/Special:FilePath/1982%20Enrique%20Campos%20Men%C3%A9ndez%20%2831144426675%29%20%28cropped%29.jpg","masculino","Chile","1914-08-12T00:00:00Z","2007-06-12T00:00:00Z"
"43","http://www.wikidata.org/entity/Q860699","Premio Nacional de Literatura","http://www.wikidata.org/entity/Q5444923","Fernando Santiván","http://commons.wikimedia.org/wiki/Special:FilePath/Fernando%20Santiv%C3%A1n.jpg","masculino","Chile","1886-01-01T00:00:00Z","1973-01-01T00:00:00Z"
"44","http://www.wikidata.org/entity/Q1630979","Premio Planeta","http://www.wikidata.org/entity/Q72541","Eduardo Mendoza","","masculino","España","",""
"45","http://www.wikidata.org/entity/Q860699","Premio Nacional de Literatura","http://www.wikidata.org/entity/Q83566","Isabel Allende","","femenino","Estados Unidos","",""
"46","http://www.wikidata.org/entity/Q860699","Premio Nacional de Literatura","http://www.wikidata.org/entity/Q83566","Isabel Allende","","femenino","Chile","",""
"47","http://www.wikidata.org/entity/Q860699","Premio Nacional de Literatura","http://www.wikidata.org/entity/Q171672","Jorge Edwards","","masculino","Chile","",""
"48","http://www.wikidata.org/entity/Q860699","Premio Nacional de Literatura","http://www.wikidata.org/entity/Q171672","Jorge Edwards","","masculino","Bolivia","",""
"49","http://www.wikidata.org/entity/Q860699","Premio Nacional de Literatura","http://www.wikidata.org/entity/Q171672","Jorge Edwards","","masculino","España","",""
"50","http://www.wikidata.org/entity/Q926015","Premio Nadal","http://www.wikidata.org/entity/Q175204","Sebastià Juan Arbó","","masculino","España","",""
"51","http://www.wikidata.org/entity/Q1630979","Premio Planeta","http://www.wikidata.org/entity/Q236993","Lucía Etxebarria","","femenino","España","",""
"52","http://www.wikidata.org/entity/Q926015","Premio Nadal","http://www.wikidata.org/entity/Q236993","Lucía Etxebarria","","femenino","España","",""
"53","http://www.wikidata.org/entity/Q1630979","Premio Planeta","http://www.wikidata.org/entity/Q239117","Ángeles Caso","","femenino","España","",""
"54","http://www.wikidata.org/entity/Q926015","Premio Nadal","http://www.wikidata.org/entity/Q251215","Álvaro Pombo","","masculino","España","",""
"55","http://www.wikidata.org/entity/Q1630979","Premio Planeta","http://www.wikidata.org/entity/Q251215","Álvaro Pombo","","masculino","España","",""
"56","http://www.wikidata.org/entity/Q926015","Premio Nadal","http://www.wikidata.org/entity/Q252049","Ángela Vallvey","","femenino","España","",""
"57","http://www.wikidata.org/entity/Q1630979","Premio Planeta","http://www.wikidata.org/entity/Q252049","Ángela Vallvey","","femenino","España","",""
"58","http://www.wikidata.org/entity/Q1088492","Premio Rómulo Gallegos","http://www.wikidata.org/entity/Q252088","Ángeles Mastretta","","femenino","México","",""
"59","http://www.wikidata.org/entity/Q1630979","Premio Planeta","http://www.wikidata.org/entity/Q255570","Espido Freire","","femenino","España","",""
"60","http://www.wikidata.org/entity/Q1280377","Premio Alfaguara de Novela","http://www.wikidata.org/entity/Q261397","Elena Poniatowska","","femenino","Francia","",""
"61","http://www.wikidata.org/entity/Q1088492","Premio Rómulo Gallegos","http://www.wikidata.org/entity/Q261397","Elena Poniatowska","","femenino","Francia","",""
"62","http://www.wikidata.org/entity/Q1280377","Premio Alfaguara de Novela","http://www.wikidata.org/entity/Q261397","Elena Poniatowska","","femenino","México","",""
"63","http://www.wikidata.org/entity/Q1088492","Premio Rómulo Gallegos","http://www.wikidata.org/entity/Q261397","Elena Poniatowska","","femenino","México","",""
"64","http://www.wikidata.org/entity/Q1280377","Premio Alfaguara de Novela","http://www.wikidata.org/entity/Q261397","Elena Poniatowska","","femenino","España","",""
"65","http://www.wikidata.org/entity/Q1088492","Premio Rómulo Gallegos","http://www.wikidata.org/entity/Q261397","Elena Poniatowska","","femenino","España","",""
"66","http://www.wikidata.org/entity/Q1630979","Premio Planeta","http://www.wikidata.org/entity/Q266073","Maruja Torres","","femenino","España","",""
"67","http://www.wikidata.org/entity/Q926015","Premio Nadal","http://www.wikidata.org/entity/Q266073","Maruja Torres","","femenino","España","",""
"68","http://www.wikidata.org/entity/Q1280377","Premio Alfaguara de Novela","http://www.wikidata.org/entity/Q272163","Laura Restrepo","","femenino","Colombia","",""
"69","http://www.wikidata.org/entity/Q3320346","Premio Nacional de Narrativa","http://www.wikidata.org/entity/Q274348","Almudena Grandes","","femenino","España","",""
"70","http://www.wikidata.org/entity/Q860699","Premio Nacional de Literatura","http://www.wikidata.org/entity/Q293375","Óscar Hahn","","masculino","Chile","",""
"71","http://www.wikidata.org/entity/Q1088492","Premio Rómulo Gallegos","http://www.wikidata.org/entity/Q299161","Javier Marías","","masculino","España","",""
"72","http://www.wikidata.org/entity/Q926015","Premio Nadal","http://www.wikidata.org/entity/Q309768","Fernando Arrabal","","masculino","Francia","",""
"73","http://www.wikidata.org/entity/Q926015","Premio Nadal","http://www.wikidata.org/entity/Q309768","Fernando Arrabal","","masculino","España","",""
"74","http://www.wikidata.org/entity/Q1630979","Premio Planeta","http://www.wikidata.org/entity/Q317512","Fernando Savater","","masculino","España","",""
"75","http://www.wikidata.org/entity/Q926015","Premio Nadal","http://www.wikidata.org/entity/Q331084","Jesús Díaz","","masculino","Cuba","",""
"76","http://www.wikidata.org/entity/Q1088492","Premio Rómulo Gallegos","http://www.wikidata.org/entity/Q331084","Jesús Díaz","","masculino","Cuba","",""
"77","http://www.wikidata.org/entity/Q1088492","Premio Rómulo Gallegos","http://www.wikidata.org/entity/Q372313","Enrique Vila-Matas","","masculino","España","",""
"78","http://www.wikidata.org/entity/Q3320346","Premio Nacional de Narrativa","http://www.wikidata.org/entity/Q381920","Javier Cercas","","masculino","España","",""
"79","http://www.wikidata.org/entity/Q4663319","Premio Café Gijón","http://www.wikidata.org/entity/Q447374","Carmen Boullosa","","femenino","México","",""
"80","http://www.wikidata.org/entity/Q1630979","Premio Planeta","http://www.wikidata.org/entity/Q450335","Antonio Muñoz Molina","","masculino","España","",""
"81","http://www.wikidata.org/entity/Q3326922","Premio de la Crítica Española","http://www.wikidata.org/entity/Q450335","Antonio Muñoz Molina","","masculino","España","",""
"82","http://www.wikidata.org/entity/Q3320346","Premio Nacional de Narrativa","http://www.wikidata.org/entity/Q450335","Antonio Muñoz Molina","","masculino","España","",""
"83","http://www.wikidata.org/entity/Q3405924","Premio Internacional Alfonso Reyes","http://www.wikidata.org/entity/Q453288","George Steiner","","masculino","Estados Unidos","",""
"84","http://www.wikidata.org/entity/Q3405924","Premio Internacional Alfonso Reyes","http://www.wikidata.org/entity/Q453288","George Steiner","","masculino","Francia","",""
"85","http://www.wikidata.org/entity/Q4663319","Premio Café Gijón","http://www.wikidata.org/entity/Q454005","Leonardo Padura Fuentes","","masculino","Cuba","",""
"86","http://www.wikidata.org/entity/Q4663319","Premio Café Gijón","http://www.wikidata.org/entity/Q454005","Leonardo Padura Fuentes","","masculino","España","",""
"87","http://www.wikidata.org/entity/Q926015","Premio Nadal","http://www.wikidata.org/entity/Q456340","Clara Sánchez","","femenino","España","",""
"88","http://www.wikidata.org/entity/Q1630979","Premio Planeta","http://www.wikidata.org/entity/Q456340","Clara Sánchez","","femenino","España","",""
"89","http://www.wikidata.org/entity/Q1280377","Premio Alfaguara de Novela","http://www.wikidata.org/entity/Q456340","Clara Sánchez","","femenino","España","",""
"90","http://www.wikidata.org/entity/Q1630979","Premio Planeta","http://www.wikidata.org/entity/Q457316","Antonio Larreta","","masculino","Uruguay","",""
"91","http://www.wikidata.org/entity/Q1630979","Premio Planeta","http://www.wikidata.org/entity/Q457316","Antonio Larreta","","masculino","España","",""
"92","http://www.wikidata.org/entity/Q1630979","Premio Planeta","http://www.wikidata.org/entity/Q457480","Soledad Puértolas","","femenino","España","",""
"93","http://www.wikidata.org/entity/Q3320346","Premio Nacional de Narrativa","http://www.wikidata.org/entity/Q460109","Juan Marsé","","masculino","España","",""
"94","http://www.wikidata.org/entity/Q1630979","Premio Planeta","http://www.wikidata.org/entity/Q460109","Juan Marsé","","masculino","España","",""
"95","http://www.wikidata.org/entity/Q1088492","Premio Rómulo Gallegos","http://www.wikidata.org/entity/Q460490","Mempo Giardinelli","","masculino","Argentina","",""
"96","http://www.wikidata.org/entity/Q4663319","Premio Café Gijón","http://www.wikidata.org/entity/Q469960","José Carlos Somoza","","masculino","Cuba","",""
"97","http://www.wikidata.org/entity/Q4663319","Premio Café Gijón","http://www.wikidata.org/entity/Q469960","José Carlos Somoza","","masculino","España","",""
"98","http://www.wikidata.org/entity/Q926015","Premio Nadal","http://www.wikidata.org/entity/Q469998","Alicia Giménez Bartlett","","femenino","España","",""
"99","http://www.wikidata.org/entity/Q1630979","Premio Planeta","http://www.wikidata.org/entity/Q469998","Alicia Giménez Bartlett","","femenino","España","",""
"100","http://www.wikidata.org/entity/Q860699","Premio Nacional de Literatura","http://www.wikidata.org/entity/Q514342","Miguel Arteche","","masculino","Chile","",""
"101","http://www.wikidata.org/entity/Q3326922","Premio de la Crítica Española","http://www.wikidata.org/entity/Q537776","Luis Rosales","","masculino","España","",""
"102","http://www.wikidata.org/entity/Q926015","Premio Nadal","http://www.wikidata.org/entity/Q537999","Rosa Regàs","","femenino","España","",""
"103","http://www.wikidata.org/entity/Q1630979","Premio Planeta","http://www.wikidata.org/entity/Q537999","Rosa Regàs","","femenino","España","",""
"104","http://www.wikidata.org/entity/Q3405924","Premio Internacional Alfonso Reyes","http://www.wikidata.org/entity/Q543519","Marcel Bataillon","","masculino","Francia","",""
"105","http://www.wikidata.org/entity/Q3326922","Premio de la Crítica Española","http://www.wikidata.org/entity/Q555567","Claudio Rodríguez Fer","","masculino","España","",""
"106","http://www.wikidata.org/entity/Q860699","Premio Nacional de Literatura","http://www.wikidata.org/entity/Q591119","Arturo Aldunate Phillips","","masculino","Chile","",""
"107","http://www.wikidata.org/entity/Q860699","Premio Nacional de Literatura","http://www.wikidata.org/entity/Q605194","Antonio Skármeta","","masculino","Chile","",""
"108","http://www.wikidata.org/entity/Q1630979","Premio Planeta","http://www.wikidata.org/entity/Q605194","Antonio Skármeta","","masculino","Chile","",""
"109","http://www.wikidata.org/entity/Q3320346","Premio Nacional de Narrativa","http://www.wikidata.org/entity/Q605664","Kirmen Uribe","","masculino","España","",""
"110","http://www.wikidata.org/entity/Q1280377","Premio Alfaguara de Novela","http://www.wikidata.org/entity/Q666007","Hernán Rivera Letelier","","masculino","Chile","",""
"111","http://www.wikidata.org/entity/Q1088492","Premio Rómulo Gallegos","http://www.wikidata.org/entity/Q706272","Fernando Vallejo","","masculino","Colombia","",""
"112","http://www.wikidata.org/entity/Q1630979","Premio Planeta","http://www.wikidata.org/entity/Q706516","Juan Benet","","masculino","España","",""
"113","http://www.wikidata.org/entity/Q1630979","Premio Planeta","http://www.wikidata.org/entity/Q708841","Boris Izaguirre","","masculino","España","",""
"114","http://www.wikidata.org/entity/Q926015","Premio Nadal","http://www.wikidata.org/entity/Q719735","José Asenjo Sedano","","masculino","España","",""
"115","http://www.wikidata.org/entity/Q1630979","Premio Planeta","http://www.wikidata.org/entity/Q720199","Jaime Bayly","","masculino","Estados Unidos","",""
"116","http://www.wikidata.org/entity/Q1630979","Premio Planeta","http://www.wikidata.org/entity/Q720199","Jaime Bayly","","masculino","Perú","",""
"117","http://www.wikidata.org/entity/Q3888785","Premio Adonáis de Poesía","http://www.wikidata.org/entity/Q724068","Luis García Montero","","masculino","España","",""
"118","http://www.wikidata.org/entity/Q926015","Premio Nadal","http://www.wikidata.org/entity/Q727416","Juan José Millás","","masculino","España","",""
"119","http://www.wikidata.org/entity/Q1630979","Premio Planeta","http://www.wikidata.org/entity/Q734092","Alfredo Bryce Echenique","","masculino","Perú","",""
"120","http://www.wikidata.org/entity/Q1630979","Premio Planeta","http://www.wikidata.org/entity/Q740130","Daniel Sánchez Arévalo","","masculino","España","",""
"121","http://www.wikidata.org/entity/Q3888785","Premio Adonáis de Poesía","http://www.wikidata.org/entity/Q921366","José García Nieto","","masculino","España","",""
"122","http://www.wikidata.org/entity/Q4663319","Premio Café Gijón","http://www.wikidata.org/entity/Q923155","Eduardo Mendicutti","","masculino","España","",""
"123","http://www.wikidata.org/entity/Q3320346","Premio Nacional de Narrativa","http://www.wikidata.org/entity/Q940633","Juan Manuel de Prada","","masculino","España","",""
"124","http://www.wikidata.org/entity/Q1630979","Premio Planeta","http://www.wikidata.org/entity/Q940633","Juan Manuel de Prada","","masculino","España","",""
"125","http://www.wikidata.org/entity/Q1280377","Premio Alfaguara de Novela","http://www.wikidata.org/entity/Q970649","Juan Gabriel Vásquez","","masculino","Colombia","",""
"126","http://www.wikidata.org/entity/Q1280377","Premio Alfaguara de Novela","http://www.wikidata.org/entity/Q970649","Juan Gabriel Vásquez","","masculino","España","",""
"127","http://www.wikidata.org/entity/Q926015","Premio Nadal","http://www.wikidata.org/entity/Q1028581","Guillermo Martínez","","masculino","Argentina","",""
"128","http://www.wikidata.org/entity/Q1280377","Premio Alfaguara de Novela","http://www.wikidata.org/entity/Q1041530","Carla Guelfenbein","","femenino","Chile","",""
"129","http://www.wikidata.org/entity/Q860699","Premio Nacional de Literatura","http://www.wikidata.org/entity/Q1042861","Carlos Droguett","","masculino","Chile","",""
"130","http://www.wikidata.org/entity/Q1280377","Premio Alfaguara de Novela","http://www.wikidata.org/entity/Q1042861","Carlos Droguett","","masculino","Chile","",""
"131","http://www.wikidata.org/entity/Q1630979","Premio Planeta","http://www.wikidata.org/entity/Q1109994","Víctor Alba","","masculino","España","",""
"132","http://www.wikidata.org/entity/Q1280377","Premio Alfaguara de Novela","http://www.wikidata.org/entity/Q1226832","Luis Leante","","masculino","España","",""
"133","http://www.wikidata.org/entity/Q860699","Premio Nacional de Literatura","http://www.wikidata.org/entity/Q1345786","Rodolfo Oroz","","masculino","Chile","",""
"134","http://www.wikidata.org/entity/Q1280377","Premio Alfaguara de Novela","http://www.wikidata.org/entity/Q1358652","Sergio Ramírez","","masculino","Nicaragua","",""
"135","http://www.wikidata.org/entity/Q926015","Premio Nadal","http://www.wikidata.org/entity/Q1386967","Francisco Casavella","","masculino","España","",""
"136","http://www.wikidata.org/entity/Q1280377","Premio Alfaguara de Novela","http://www.wikidata.org/entity/Q1399637","Santiago Roncagliolo","","masculino","Perú","",""
"137","http://www.wikidata.org/entity/Q3405924","Premio Internacional Alfonso Reyes","http://www.wikidata.org/entity/Q1399691","Germán Arciniegas","","masculino","Colombia","",""
"138","http://www.wikidata.org/entity/Q3888785","Premio Adonáis de Poesía","http://www.wikidata.org/entity/Q1624925","Miguel Ángel Velasco","","masculino","España","",""
"139","http://www.wikidata.org/entity/Q1088492","Premio Rómulo Gallegos","http://www.wikidata.org/entity/Q1841816","Isaac Rosa","","masculino","España","",""
"140","http://www.wikidata.org/entity/Q3326922","Premio de la Crítica Española","http://www.wikidata.org/entity/Q1876447","Luis Goytisolo","","masculino","España","",""
"141","http://www.wikidata.org/entity/Q3320346","Premio Nacional de Narrativa","http://www.wikidata.org/entity/Q1876447","Luis Goytisolo","","masculino","España","",""
"142","http://www.wikidata.org/entity/Q1630979","Premio Planeta","http://www.wikidata.org/entity/Q1885092","Marcos Aguinis","","masculino","Argentina","",""
"143","http://www.wikidata.org/entity/Q4663319","Premio Café Gijón","http://www.wikidata.org/entity/Q1905886","Martín Casariego","","masculino","España","",""
"144","http://www.wikidata.org/entity/Q1630979","Premio Planeta","http://www.wikidata.org/entity/Q1981238","Jorge Zepeda Patterson","","masculino","México","",""
"145","http://www.wikidata.org/entity/Q1088492","Premio Rómulo Gallegos","http://www.wikidata.org/entity/Q2324263","Abel Posse","","masculino","Argentina","",""
"146","http://www.wikidata.org/entity/Q926015","Premio Nadal","http://www.wikidata.org/entity/Q2338557","Alfredo Conde","","masculino","España","",""
"147","http://www.wikidata.org/entity/Q3320346","Premio Nacional de Narrativa","http://www.wikidata.org/entity/Q2338557","Alfredo Conde","","masculino","España","",""
"148","http://www.wikidata.org/entity/Q926015","Premio Nadal","http://www.wikidata.org/entity/Q2349570","Rafael Argullol","","masculino","España","",""
"149","http://www.wikidata.org/entity/Q860699","Premio Nacional de Literatura","http://www.wikidata.org/entity/Q2353667","Raúl Zurita","","masculino","Chile","",""
"150","http://www.wikidata.org/entity/Q926015","Premio Nadal","http://www.wikidata.org/entity/Q2354768","Fernando Marías Amondo","","masculino","España","",""
"151","http://www.wikidata.org/entity/Q860699","Premio Nacional de Literatura","http://www.wikidata.org/entity/Q2390498","Alfonso Calderón","","masculino","Chile","",""
"152","http://www.wikidata.org/entity/Q1630979","Premio Planeta","http://www.wikidata.org/entity/Q2528674","Carmen Posadas","","femenino","España","",""
"153","http://www.wikidata.org/entity/Q1630979","Premio Planeta","http://www.wikidata.org/entity/Q2528674","Carmen Posadas","","femenino","Uruguay","",""
"154","http://www.wikidata.org/entity/Q1280377","Premio Alfaguara de Novela","http://www.wikidata.org/entity/Q2595739","Eliseo Alberto","","masculino","Cuba","",""
"155","http://www.wikidata.org/entity/Q1280377","Premio Alfaguara de Novela","http://www.wikidata.org/entity/Q2669586","Andrés Neuman","","masculino","Argentina","",""
"156","http://www.wikidata.org/entity/Q1280377","Premio Alfaguara de Novela","http://www.wikidata.org/entity/Q2669586","Andrés Neuman","","masculino","España","",""
"157","http://www.wikidata.org/entity/Q1630979","Premio Planeta","http://www.wikidata.org/entity/Q2707927","Marcela Serrano","","femenino","Chile","",""
"158","http://www.wikidata.org/entity/Q3326922","Premio de la Crítica Española","http://www.wikidata.org/entity/Q2835442","Abelardo Linares","","masculino","España","",""
"159","http://www.wikidata.org/entity/Q3888785","Premio Adonáis de Poesía","http://www.wikidata.org/entity/Q2838387","Ángel García popez","","masculino","España","",""
"160","http://www.wikidata.org/entity/Q926015","Premio Nadal","http://www.wikidata.org/entity/Q2843820","Antonio Soler","","masculino","España","",""
"161","http://www.wikidata.org/entity/Q3326922","Premio de la Crítica Española","http://www.wikidata.org/entity/Q2843820","Antonio Soler","","masculino","España","",""
"162","http://www.wikidata.org/entity/Q860699","Premio Nacional de Literatura","http://www.wikidata.org/entity/Q2844089","Humberto Díaz Casanueva","","masculino","Chile","",""
"163","http://www.wikidata.org/entity/Q4663319","Premio Café Gijón","http://www.wikidata.org/entity/Q2857406","A. G. Porta","","masculino","España","",""
"164","http://www.wikidata.org/entity/Q860699","Premio Nacional de Literatura","http://www.wikidata.org/entity/Q2862097","Armando Uribe","","masculino","Chile","",""
"165","http://www.wikidata.org/entity/Q3326922","Premio de la Crítica Española","http://www.wikidata.org/entity/Q2879364","José María Guelbenzu","","masculino","España","",""
"166","http://www.wikidata.org/entity/Q3888785","Premio Adonáis de Poesía","http://www.wikidata.org/entity/Q2892445","Beatriz Hernanz","","femenino","España","",""
"167","http://www.wikidata.org/entity/Q1280377","Premio Alfaguara de Novela","http://www.wikidata.org/entity/Q2895340","Luis Berenguer","","masculino","España","",""
"168","http://www.wikidata.org/entity/Q1280377","Premio Alfaguara de Novela","http://www.wikidata.org/entity/Q2918748","Jesús Torbado Carro","","masculino","España","",""
"169","http://www.wikidata.org/entity/Q4663319","Premio Café Gijón","http://www.wikidata.org/entity/Q3010458","César González-Ruano","","masculino","España","",""
"170","http://www.wikidata.org/entity/Q1630979","Premio Planeta","http://www.wikidata.org/entity/Q3069554","Fernando Schwartz","","masculino","España","",""
"171","http://www.wikidata.org/entity/Q3405924","Premio Internacional Alfonso Reyes","http://www.wikidata.org/entity/Q3076374","Ida Vitale","","femenino","Uruguay","",""
"172","http://www.wikidata.org/entity/Q1630979","Premio Planeta","http://www.wikidata.org/entity/Q3089856","Maria de la Pau Janer","","femenino","España","",""
"173","http://www.wikidata.org/entity/Q3888785","Premio Adonáis de Poesía","http://www.wikidata.org/entity/Q3092458","Félix Grande","","masculino","España","",""
"174","http://www.wikidata.org/entity/Q3320346","Premio Nacional de Narrativa","http://www.wikidata.org/entity/Q3148205","Ignacio Martínez de Pisón","","masculino","España","",""
"175","http://www.wikidata.org/entity/Q1280377","Premio Alfaguara de Novela","http://www.wikidata.org/entity/Q3183825","Jorge Franco","","masculino","Colombia","",""
"176","http://www.wikidata.org/entity/Q860699","Premio Nacional de Literatura","http://www.wikidata.org/entity/Q3289514","Marcela Paz","","femenino","Chile","",""
"177","http://www.wikidata.org/entity/Q860699","Premio Nacional de Literatura","http://www.wikidata.org/entity/Q3296552","Joaquín Edwards Bello","","masculino","Chile","",""
"178","http://www.wikidata.org/entity/Q1630979","Premio Planeta","http://www.wikidata.org/entity/Q3321086","Fernando Sánchez Dragó","","masculino","España","",""
"179","http://www.wikidata.org/entity/Q926015","Premio Nadal","http://www.wikidata.org/entity/Q3327485","José María Gironella","","masculino","España","",""
"180","http://www.wikidata.org/entity/Q3320346","Premio Nacional de Narrativa","http://www.wikidata.org/entity/Q3328193","Unai Elorriaga López de Letona","","masculino","España","",""
"181","http://www.wikidata.org/entity/Q3326922","Premio de la Crítica Española","http://www.wikidata.org/entity/Q3328424","José María Merino","","masculino","España","",""
"182","http://www.wikidata.org/entity/Q3320346","Premio Nacional de Narrativa","http://www.wikidata.org/entity/Q3328424","José María Merino","","masculino","España","",""
"183","http://www.wikidata.org/entity/Q4663319","Premio Café Gijón","http://www.wikidata.org/entity/Q3328928","Gonzalo Torrente Malvido","","masculino","España","",""
"184","http://www.wikidata.org/entity/Q926015","Premio Nadal","http://www.wikidata.org/entity/Q3374146","Pedro Zarraluki","","masculino","España","",""
"185","http://www.wikidata.org/entity/Q3888785","Premio Adonáis de Poesía","http://www.wikidata.org/entity/Q3391905","Blanca Andreu","","femenino","España","",""
"186","http://www.wikidata.org/entity/Q3888785","Premio Adonáis de Poesía","http://www.wikidata.org/entity/Q3393932","Arcadio López Casanova","","masculino","España","",""
"187","http://www.wikidata.org/entity/Q3326922","Premio de la Crítica Española","http://www.wikidata.org/entity/Q3393932","Arcadio López Casanova","","masculino","España","",""
"188","http://www.wikidata.org/entity/Q926015","Premio Nadal","http://www.wikidata.org/entity/Q3395811","Dolores Medio","","femenino","España","",""
"189","http://www.wikidata.org/entity/Q3320346","Premio Nacional de Narrativa","http://www.wikidata.org/entity/Q3399470","Gustavo Martín Garzo","","masculino","España","",""
"190","http://www.wikidata.org/entity/Q926015","Premio Nadal","http://www.wikidata.org/entity/Q3399470","Gustavo Martín Garzo","","masculino","España","",""
"191","http://www.wikidata.org/entity/Q1630979","Premio Planeta","http://www.wikidata.org/entity/Q3494468","Juan Eslava Galán","","masculino","España","",""
"192","http://www.wikidata.org/entity/Q1088492","Premio Rómulo Gallegos","http://www.wikidata.org/entity/Q3568859","William Ospina","","masculino","Colombia","",""
"193","http://www.wikidata.org/entity/Q3320346","Premio Nacional de Narrativa","http://www.wikidata.org/entity/Q3750965","Carlos Rojas Vila","","masculino","España","",""
"194","http://www.wikidata.org/entity/Q926015","Premio Nadal","http://www.wikidata.org/entity/Q3750965","Carlos Rojas Vila","","masculino","España","",""
"195","http://www.wikidata.org/entity/Q926015","Premio Nadal","http://www.wikidata.org/entity/Q3751000","Manuel Vicent","","masculino","España","",""
"196","http://www.wikidata.org/entity/Q1280377","Premio Alfaguara de Novela","http://www.wikidata.org/entity/Q3751000","Manuel Vicent","","masculino","España","",""
"197","http://www.wikidata.org/entity/Q3888785","Premio Adonáis de Poesía","http://www.wikidata.org/entity/Q3753452","Claudio Rodríguez","","masculino","España","",""
"198","http://www.wikidata.org/entity/Q926015","Premio Nadal","http://www.wikidata.org/entity/Q3753961","Jesús Fernández Santos","","masculino","España","",""
"199","http://www.wikidata.org/entity/Q1630979","Premio Planeta","http://www.wikidata.org/entity/Q3753961","Jesús Fernández Santos","","masculino","España","",""
"200","http://www.wikidata.org/entity/Q926015","Premio Nadal","http://www.wikidata.org/entity/Q3754140","Andrés Trapiello","","masculino","España","",""
"201","http://www.wikidata.org/entity/Q926015","Premio Nadal","http://www.wikidata.org/entity/Q3810388","José Antonio García Blázquez","","masculino","España","",""
"202","http://www.wikidata.org/entity/Q3888785","Premio Adonáis de Poesía","http://www.wikidata.org/entity/Q3821666","Francisco Brines","","masculino","España","",""
"203","http://www.wikidata.org/entity/Q926015","Premio Nadal","http://www.wikidata.org/entity/Q3943044","Care Santos","","femenino","España","",""
"204","http://www.wikidata.org/entity/Q3888785","Premio Adonáis de Poesía","http://www.wikidata.org/entity/Q4135094","Carlos Sahagún","","masculino","España","",""
"205","http://www.wikidata.org/entity/Q4663319","Premio Café Gijón","http://www.wikidata.org/entity/Q4165096","Dolores Soler-Espiauba","","femenino","España","",""
"206","http://www.wikidata.org/entity/Q3888785","Premio Adonáis de Poesía","http://www.wikidata.org/entity/Q4290927","Ana Merino","","femenino","España","",""
"207","http://www.wikidata.org/entity/Q3888785","Premio Adonáis de Poesía","http://www.wikidata.org/entity/Q4291420","Juan Carlos Mestre","","masculino","España","",""
"208","http://www.wikidata.org/entity/Q3888785","Premio Adonáis de Poesía","http://www.wikidata.org/entity/Q4299060","Eduardo Moga","","masculino","España","",""
"209","http://www.wikidata.org/entity/Q3888785","Premio Adonáis de Poesía","http://www.wikidata.org/entity/Q4893005","Vicente Gaos","","masculino","España","",""
"210","http://www.wikidata.org/entity/Q926015","Premio Nadal","http://www.wikidata.org/entity/Q4894559","Pau Faner","","masculino","España","",""
"211","http://www.wikidata.org/entity/Q926015","Premio Nadal","http://www.wikidata.org/entity/Q4894938","Lorenzo Silva","","masculino","España","",""
"212","http://www.wikidata.org/entity/Q1630979","Premio Planeta","http://www.wikidata.org/entity/Q4894938","Lorenzo Silva","","masculino","España","",""
"213","http://www.wikidata.org/entity/Q3888785","Premio Adonáis de Poesía","http://www.wikidata.org/entity/Q5042422","Carlos Murciano","","masculino","España","",""
"214","http://www.wikidata.org/entity/Q926015","Premio Nadal","http://www.wikidata.org/entity/Q5340652","Eduardo Lago","","masculino","España","",""
"215","http://www.wikidata.org/entity/Q860699","Premio Nacional de Literatura","http://www.wikidata.org/entity/Q5347589","Efraín Barquero","","masculino","Chile","",""
"216","http://www.wikidata.org/entity/Q3888785","Premio Adonáis de Poesía","http://www.wikidata.org/entity/Q5406049","Diego Doncel","","masculino","España","",""
"217","http://www.wikidata.org/entity/Q4663319","Premio Café Gijón","http://www.wikidata.org/entity/Q5406049","Diego Doncel","","masculino","España","",""
"218","http://www.wikidata.org/entity/Q3888785","Premio Adonáis de Poesía","http://www.wikidata.org/entity/Q5413445","Joaquín Caro Romero","","masculino","España","",""
"219","http://www.wikidata.org/entity/Q3320346","Premio Nacional de Narrativa","http://www.wikidata.org/entity/Q5444600","Fernando Aramburu","","masculino","España","",""
"220","http://www.wikidata.org/entity/Q3326922","Premio de la Crítica Española","http://www.wikidata.org/entity/Q5475106","Juana Castro Muñoz","","femenino","España","",""
"221","http://www.wikidata.org/entity/Q4663319","Premio Café Gijón","http://www.wikidata.org/entity/Q5488307","José Carol Archs","","masculino","España","",""
"222","http://www.wikidata.org/entity/Q3888785","Premio Adonáis de Poesía","http://www.wikidata.org/entity/Q5490387","Lorenzo Gomis","","masculino","España","",""
"223","http://www.wikidata.org/entity/Q4663319","Premio Café Gijón","http://www.wikidata.org/entity/Q5507856","Fulgencio Argüelles","","masculino","España","",""
"224","http://www.wikidata.org/entity/Q1630979","Premio Planeta","http://www.wikidata.org/entity/Q5575940","José Luis Olaizola","","masculino","España","",""
"225","http://www.wikidata.org/entity/Q3405924","Premio Internacional Alfonso Reyes","http://www.wikidata.org/entity/Q5621807","Gutierre Tibón","","masculino","México","",""
"226","http://www.wikidata.org/entity/Q926015","Premio Nadal","http://www.wikidata.org/entity/Q5644317","Pedro Maestre Herrero","","masculino","España","",""
"227","http://www.wikidata.org/entity/Q1280377","Premio Alfaguara de Novela","http://www.wikidata.org/entity/Q5645036","Antonio Orlando Rodríguez","","masculino","Cuba","",""
"228","http://www.wikidata.org/entity/Q1280377","Premio Alfaguara de Novela","http://www.wikidata.org/entity/Q5654669","Alfonso Grosso","","masculino","España","",""
"229","http://www.wikidata.org/entity/Q3888785","Premio Adonáis de Poesía","http://www.wikidata.org/entity/Q5663148","Javier de Bengoechea","","masculino","España","",""
"230","http://www.wikidata.org/entity/Q926015","Premio Nadal","http://www.wikidata.org/entity/Q5665090","Alejandro Gándara","","masculino","España","",""
"231","http://www.wikidata.org/entity/Q926015","Premio Nadal","http://www.wikidata.org/entity/Q5666993","Alfonso Martínez Garrido","","masculino","España","",""
"232","http://www.wikidata.org/entity/Q3888785","Premio Adonáis de Poesía","http://www.wikidata.org/entity/Q5667021","Alfonso Moreno","","masculino","España","",""
"233","http://www.wikidata.org/entity/Q926015","Premio Nadal","http://www.wikidata.org/entity/Q5668020","José María Requena","","masculino","España","",""
"234","http://www.wikidata.org/entity/Q4663319","Premio Café Gijón","http://www.wikidata.org/entity/Q5668055","Alfredo Taján","","masculino","España","",""
"235","http://www.wikidata.org/entity/Q3888785","Premio Adonáis de Poesía","http://www.wikidata.org/entity/Q5672875","María Elvira Lacaci","","femenino","España","",""
"236","http://www.wikidata.org/entity/Q3326922","Premio de la Crítica Española","http://www.wikidata.org/entity/Q5675522","Lorenzo Oliván","","masculino","España","",""
"237","http://www.wikidata.org/entity/Q3888785","Premio Adonáis de Poesía","http://www.wikidata.org/entity/Q5721799","Basilio Sánchez","","masculino","España","",""
"238","http://www.wikidata.org/entity/Q926015","Premio Nadal","http://www.wikidata.org/entity/Q5752545","Carmen Gómez Ojea","","femenino","España","",""
"239","http://www.wikidata.org/entity/Q1280377","Premio Alfaguara de Novela","http://www.wikidata.org/entity/Q5803058","Héctor Vázquez-Azpiri","","masculino","España","",""
"240","http://www.wikidata.org/entity/Q3888785","Premio Adonáis de Poesía","http://www.wikidata.org/entity/Q5806267","Diego Jesús Jiménez","","masculino","España","",""
"241","http://www.wikidata.org/entity/Q3888785","Premio Adonáis de Poesía","http://www.wikidata.org/entity/Q5829939","Eloy Sánchez Rosillo","","masculino","España","",""
"242","http://www.wikidata.org/entity/Q1280377","Premio Alfaguara de Novela","http://www.wikidata.org/entity/Q5830277","Ema Wolf","","femenino","Argentina","",""
"243","http://www.wikidata.org/entity/Q926015","Premio Nadal","http://www.wikidata.org/entity/Q5849112","Esteban Navarro","","masculino","España","",""
"244","http://www.wikidata.org/entity/Q1630979","Premio Planeta","http://www.wikidata.org/entity/Q39803","Mario Vargas Llosa","","masculino","Perú","",""
"245","http://www.wikidata.org/entity/Q1088492","Premio Rómulo Gallegos","http://www.wikidata.org/entity/Q39803","Mario Vargas Llosa","","masculino","Perú","",""
"246","http://www.wikidata.org/entity/Q3888785","Premio Adonáis de Poesía","http://www.wikidata.org/entity/Q5850627","Eugenio García de Nora","","masculino","España","",""
"247","http://www.wikidata.org/entity/Q4663319","Premio Café Gijón","http://www.wikidata.org/entity/Q5852292","Eusebio García Luengo","","masculino","España","",""
"248","http://www.wikidata.org/entity/Q926015","Premio Nadal","http://www.wikidata.org/entity/Q5858106","Felipe Benítez Reyes","","masculino","España","",""
"249","http://www.wikidata.org/entity/Q926015","Premio Nadal","http://www.wikidata.org/entity/Q5865827","Francisco García Pavón","","masculino","España","",""
"250","http://www.wikidata.org/entity/Q926015","Premio Nadal","http://www.wikidata.org/entity/Q5866377","Francisco José Alcántara","","masculino","España","",""
"251","http://www.wikidata.org/entity/Q3888785","Premio Adonáis de Poesía","http://www.wikidata.org/entity/Q5867455","Francisco Serradilla","","masculino","España","",""
"252","http://www.wikidata.org/entity/Q926015","Premio Nadal","http://www.wikidata.org/entity/Q5878838","Germán Sánchez Espeso","","masculino","España","",""
"253","http://www.wikidata.org/entity/Q926015","Premio Nadal","http://www.wikidata.org/entity/Q5913142","Ignacio Carrión","","masculino","España","",""
"254","http://www.wikidata.org/entity/Q3888785","Premio Adonáis de Poesía","http://www.wikidata.org/entity/Q5928291","Javier Vela","","masculino","España","",""
"255","http://www.wikidata.org/entity/Q3888785","Premio Adonáis de Poesía","http://www.wikidata.org/entity/Q5930119","Jesús Bernal","","masculino","España","",""
"256","http://www.wikidata.org/entity/Q3888785","Premio Adonáis de Poesía","http://www.wikidata.org/entity/Q5930221","Jesús Hilario Tundidor","","masculino","España","",""
"257","http://www.wikidata.org/entity/Q3888785","Premio Adonáis de Poesía","http://www.wikidata.org/entity/Q5931764","Joaquín Benito de Lucas","","masculino","España","",""
"258","http://www.wikidata.org/entity/Q3888785","Premio Adonáis de Poesía","http://www.wikidata.org/entity/Q5932341","Joaquín Pérez Azaústre","","masculino","España","",""
"259","http://www.wikidata.org/entity/Q4663319","Premio Café Gijón","http://www.wikidata.org/entity/Q5935061","Jorge Ferrer Vidal","","masculino","España","",""
"260","http://www.wikidata.org/entity/Q3888785","Premio Adonáis de Poesía","http://www.wikidata.org/entity/Q5935140","Jorge Galán","","masculino","El Salvador","",""
"261","http://www.wikidata.org/entity/Q4663319","Premio Café Gijón","http://www.wikidata.org/entity/Q5937853","José Antonio Garriga Vela","","masculino","España","",""
"262","http://www.wikidata.org/entity/Q3888785","Premio Adonáis de Poesía","http://www.wikidata.org/entity/Q5937885","José Antonio Gómez-Coronado","","masculino","España","",""
"263","http://www.wikidata.org/entity/Q3888785","Premio Adonáis de Poesía","http://www.wikidata.org/entity/Q5937978","José Antonio Moreno Jurado","","masculino","España","",""
"264","http://www.wikidata.org/entity/Q3888785","Premio Adonáis de Poesía","http://www.wikidata.org/entity/Q5940270","José Gutiérrez Román","","masculino","España","",""
"265","http://www.wikidata.org/entity/Q3888785","Premio Adonáis de Poesía","http://www.wikidata.org/entity/Q5940635","José Infante","","masculino","España","",""
"266","http://www.wikidata.org/entity/Q3888785","Premio Adonáis de Poesía","http://www.wikidata.org/entity/Q5941091","José Luis Alegre Cudós","","masculino","España","",""
"267","http://www.wikidata.org/entity/Q926015","Premio Nadal","http://www.wikidata.org/entity/Q5941457","José Luis Martín Descalzo","","masculino","España","",""
"268","http://www.wikidata.org/entity/Q4663319","Premio Café Gijón","http://www.wikidata.org/entity/Q5941527","José Luis Muñoz Jimeno","","masculino","España","",""
"269","http://www.wikidata.org/entity/Q4663319","Premio Café Gijón","http://www.wikidata.org/entity/Q5941703","José Luis Rodríguez del Corral","","masculino","España","",""
"270","http://www.wikidata.org/entity/Q3888785","Premio Adonáis de Poesía","http://www.wikidata.org/entity/Q5942520","José Martínez Ros","","masculino","España","",""
"271","http://www.wikidata.org/entity/Q926015","Premio Nadal","http://www.wikidata.org/entity/Q5942731","José María Carrascal","","masculino","España","",""
"272","http://www.wikidata.org/entity/Q1280377","Premio Alfaguara de Novela","http://www.wikidata.org/entity/Q5944447","José Ovejero","","masculino","España","",""
"273","http://www.wikidata.org/entity/Q926015","Premio Nadal","http://www.wikidata.org/entity/Q5946046","José Vidal Cadellans","","masculino","España","",""
"274","http://www.wikidata.org/entity/Q926015","Premio Nadal","http://www.wikidata.org/entity/Q5947376","Juan Antonio Payno","","masculino","España","",""
"275","http://www.wikidata.org/entity/Q1630979","Premio Planeta","http://www.wikidata.org/entity/Q5947470","Juan Antonio Vallejo-Nágera","","masculino","España","",""
"276","http://www.wikidata.org/entity/Q1630979","Premio Planeta","http://www.wikidata.org/entity/Q5950373","Juan José Mira","","masculino","España","",""
"277","http://www.wikidata.org/entity/Q4663319","Premio Café Gijón","http://www.wikidata.org/entity/Q5951358","Juan María Mansera Conde","","masculino","España","",""
"278","http://www.wikidata.org/entity/Q926015","Premio Nadal","http://www.wikidata.org/entity/Q5951962","Juan Pedro Aparicio","","masculino","España","",""
"279","http://www.wikidata.org/entity/Q926015","Premio Nadal","http://www.wikidata.org/entity/Q5952281","Juan Ramón Zaragoza","","masculino","España","",""
"280","http://www.wikidata.org/entity/Q3888785","Premio Adonáis de Poesía","http://www.wikidata.org/entity/Q5954647","Julia Castillo","","femenino","España","",""
"281","http://www.wikidata.org/entity/Q3888785","Premio Adonáis de Poesía","http://www.wikidata.org/entity/Q5983389","Luis Feria","","masculino","España","",""
"282","http://www.wikidata.org/entity/Q926015","Premio Nadal","http://www.wikidata.org/entity/Q5984289","Luis Romero","","masculino","España","",""
"283","http://www.wikidata.org/entity/Q4663319","Premio Café Gijón","http://www.wikidata.org/entity/Q5984608","Luis del Val","","masculino","España","",""
"284","http://www.wikidata.org/entity/Q4663319","Premio Café Gijón","http://www.wikidata.org/entity/Q5985074","Luís Blanco Vila","","masculino","España","",""
"285","http://www.wikidata.org/entity/Q4663319","Premio Café Gijón","http://www.wikidata.org/entity/Q5985267","Lázaro Covadlo","","masculino","Argentina","",""
"286","http://www.wikidata.org/entity/Q860699","Premio Nacional de Literatura","http://www.wikidata.org/entity/Q5994367","Manuel Silva Acevedo","","masculino","Chile","",""
"287","http://www.wikidata.org/entity/Q3888785","Premio Adonáis de Poesía","http://www.wikidata.org/entity/Q5997927","Mariano Roldán","","masculino","España","",""
"288","http://www.wikidata.org/entity/Q3888785","Premio Adonáis de Poesía","http://www.wikidata.org/entity/Q6002084","Martha Asunción Alonso","","femenino","España","",""
"289","http://www.wikidata.org/entity/Q3326922","Premio de la Crítica Española","http://www.wikidata.org/entity/Q6004752","María Victoria Atencia","","femenino","España","",""
"290","http://www.wikidata.org/entity/Q1088492","Premio Rómulo Gallegos","http://www.wikidata.org/entity/Q6056241","Pablo Montoya","","masculino","Colombia","",""
"291","http://www.wikidata.org/entity/Q3888785","Premio Adonáis de Poesía","http://www.wikidata.org/entity/Q6093361","Pureza Canelo","","femenino","España","",""
"292","http://www.wikidata.org/entity/Q4663319","Premio Café Gijón","http://www.wikidata.org/entity/Q6097011","Rafael Azuar","","masculino","España","",""
"293","http://www.wikidata.org/entity/Q3888785","Premio Adonáis de Poesía","http://www.wikidata.org/entity/Q6097985","Rafael Soto Vergés","","masculino","España","",""
"294","http://www.wikidata.org/entity/Q3888785","Premio Adonáis de Poesía","http://www.wikidata.org/entity/Q6108352","Ricardo Molina Tenor","","masculino","España","",""
"295","http://www.wikidata.org/entity/Q3888785","Premio Adonáis de Poesía","http://www.wikidata.org/entity/Q6113291","Rubén Martín Díaz","","masculino","España","",""
"296","http://www.wikidata.org/entity/Q926015","Premio Nadal","http://www.wikidata.org/entity/Q6117687","Salvador García Aguilar","","masculino","España","",""
"297","http://www.wikidata.org/entity/Q1630979","Premio Planeta","http://www.wikidata.org/entity/Q6121095","Santiago Posteguillo","","masculino","España","",""
"298","http://www.wikidata.org/entity/Q3888785","Premio Adonáis de Poesía","http://www.wikidata.org/entity/Q6142618","Teresa Soto González","","femenino","España","",""
"299","http://www.wikidata.org/entity/Q4663319","Premio Café Gijón","http://www.wikidata.org/entity/Q6165428","Víctor Chamorro","","masculino","España","",""
"300","http://www.wikidata.org/entity/Q1280377","Premio Alfaguara de Novela","http://www.wikidata.org/entity/Q6169148","Xavier Velasco","","masculino","México","",""
"301","http://www.wikidata.org/entity/Q926015","Premio Nadal","http://www.wikidata.org/entity/Q6294051","José Suárez Carreño","","masculino","México","",""
"302","http://www.wikidata.org/entity/Q926015","Premio Nadal","http://www.wikidata.org/entity/Q6294051","José Suárez Carreño","","masculino","España","",""
"303","http://www.wikidata.org/entity/Q3888785","Premio Adonáis de Poesía","http://www.wikidata.org/entity/Q6294051","José Suárez Carreño","","masculino","México","",""
"304","http://www.wikidata.org/entity/Q3888785","Premio Adonáis de Poesía","http://www.wikidata.org/entity/Q6294051","José Suárez Carreño","","masculino","España","",""
"305","http://www.wikidata.org/entity/Q860699","Premio Nacional de Literatura","http://www.wikidata.org/entity/Q6318898","Juvencio Valle","","masculino","Chile","",""
"306","http://www.wikidata.org/entity/Q926015","Premio Nadal","http://www.wikidata.org/entity/Q6405025","Carmen Amoraga","","femenino","España","",""
"307","http://www.wikidata.org/entity/Q926015","Premio Nadal","http://www.wikidata.org/entity/Q6454247","José Félix Tapia","","masculino","España","",""
"308","http://www.wikidata.org/entity/Q3888785","Premio Adonáis de Poesía","http://www.wikidata.org/entity/Q6499675","Laureano Albán","","masculino","Costa Rica","",""
"309","http://www.wikidata.org/entity/Q860699","Premio Nacional de Literatura","http://www.wikidata.org/entity/Q7406450","Salvador Reyes Figueroa","","masculino","Chile","",""
"310","http://www.wikidata.org/entity/Q1280377","Premio Alfaguara de Novela","http://www.wikidata.org/entity/Q8353693","Daniel Sueiro","","masculino","España","",""
"311","http://www.wikidata.org/entity/Q4663319","Premio Café Gijón","http://www.wikidata.org/entity/Q8961282","Fernando Chivite","","masculino","España","",""
"312","http://www.wikidata.org/entity/Q1280377","Premio Alfaguara de Novela","http://www.wikidata.org/entity/Q8964818","Graciela Montes","","femenino","Argentina","",""
"313","http://www.wikidata.org/entity/Q926015","Premio Nadal","http://www.wikidata.org/entity/Q9014454","José María Mendiola Insausti","","masculino","España","",""
"314","http://www.wikidata.org/entity/Q926015","Premio Nadal","http://www.wikidata.org/entity/Q9023360","Lluïsa Forrellad","","femenino","España","",""
"315","http://www.wikidata.org/entity/Q3320346","Premio Nacional de Narrativa","http://www.wikidata.org/entity/Q9025225","Luis Mateo Díez","","masculino","España","",""
"316","http://www.wikidata.org/entity/Q4663319","Premio Café Gijón","http://www.wikidata.org/entity/Q9025225","Luis Mateo Díez","","masculino","España","",""
"317","http://www.wikidata.org/entity/Q4663319","Premio Café Gijón","http://www.wikidata.org/entity/Q9032618","Miguel-Anxo Murado","","masculino","España","",""
"318","http://www.wikidata.org/entity/Q3888785","Premio Adonáis de Poesía","http://www.wikidata.org/entity/Q9070373","Rogelio Guedea","","masculino","México","",""
"319","http://www.wikidata.org/entity/Q3888785","Premio Adonáis de Poesía","http://www.wikidata.org/entity/Q11062378","Javier Peñas Navarro","","masculino","España","",""
"320","http://www.wikidata.org/entity/Q3326922","Premio de la Crítica Española","http://www.wikidata.org/entity/Q11696254","Núria Perpinyà","","femenino","España","",""
"321","http://www.wikidata.org/entity/Q926015","Premio Nadal","http://www.wikidata.org/entity/Q11702233","Raúl Guerra Garrido","","masculino","España","",""
"322","http://www.wikidata.org/entity/Q1630979","Premio Planeta","http://www.wikidata.org/entity/Q11702233","Raúl Guerra Garrido","","masculino","España","",""
"323","http://www.wikidata.org/entity/Q926015","Premio Nadal","http://www.wikidata.org/entity/Q11948278","Sergio Vila-Sanjuán","","masculino","España","",""
"324","http://www.wikidata.org/entity/Q1630979","Premio Planeta","http://www.wikidata.org/entity/Q12256308","Dolores Redondo","","femenino","España","",""
"325","http://www.wikidata.org/entity/Q1088492","Premio Rómulo Gallegos","http://www.wikidata.org/entity/Q15586483","Eduardo Lalo","","masculino","Puerto Rico","",""
"326","http://www.wikidata.org/entity/Q4663319","Premio Café Gijón","http://www.wikidata.org/entity/Q16561752","Emilio Sola","","masculino","España","",""
"327","http://www.wikidata.org/entity/Q926015","Premio Nadal","http://www.wikidata.org/entity/Q18719968","José C. Vales","","masculino","España","",""
"328","http://www.wikidata.org/entity/Q4663319","Premio Café Gijón","http://www.wikidata.org/entity/Q19998168","Caty Juan del Corral","","femenino","España","",""
"329","http://www.wikidata.org/entity/Q926015","Premio Nadal","http://www.wikidata.org/entity/Q20876484","Alejandro Palomas","","masculino","España","",""
"330","http://www.wikidata.org/entity/Q3888785","Premio Adonáis de Poesía","http://www.wikidata.org/entity/Q21541035","Rosario Neira","","femenino","España","",""
"331","http://www.wikidata.org/entity/Q4663319","Premio Café Gijón","http://www.wikidata.org/entity/Q21946844","Begoña García-Diego","","femenino","España","",""
"332","http://www.wikidata.org/entity/Q4663319","Premio Café Gijón","http://www.wikidata.org/entity/Q21953087","Matías Montes Huidobro","","masculino","Cuba","",""
"333","http://www.wikidata.org/entity/Q4663319","Premio Café Gijón","http://www.wikidata.org/entity/Q21994794","Víctor Maña","","masculino","España","",""
"334","http://www.wikidata.org/entity/Q3888785","Premio Adonáis de Poesía","http://www.wikidata.org/entity/Q27690228","Adrián González da Costa","","masculino","España","",""
"335","http://www.wikidata.org/entity/Q926015","Premio Nadal","http://www.wikidata.org/entity/Q28502669","Vicente Soto Iborra","","masculino","España","",""
"336","http://www.wikidata.org/entity/Q3326922","Premio de la Crítica Española","http://www.wikidata.org/entity/Q30902270","Elías Gómez Picazo","","masculino","España","",""
"337","http://www.wikidata.org/entity/Q1630979","Premio Planeta","http://www.wikidata.org/entity/Q36377970","Fernando Bermúdez de Castro","","masculino","España","",""
"338","http://www.wikidata.org/entity/Q1630979","Premio Planeta","http://www.wikidata.org/entity/Q36378598","Manuel Ferrand Murillo","","masculino","España","",""
"339","http://www.wikidata.org/entity/Q3888785","Premio Adonáis de Poesía","http://www.wikidata.org/entity/Q57555521","Joaquín Moreno Pedrosa","","femenino","España","",""
"340","http://www.wikidata.org/entity/Q3888785","Premio Adonáis de Poesía","http://www.wikidata.org/entity/Q57664258","Carlos Vaquerizo","","masculino","España","",""
"341","http://www.wikidata.org/entity/Q3888785","Premio Adonáis de Poesía","http://www.wikidata.org/entity/Q57745761","Irene Sánchez Carrón","","femenino","España","",""
"342","http://www.wikidata.org/entity/Q3888785","Premio Adonáis de Poesía","http://www.wikidata.org/entity/Q57782281","Sergio Navarro Ramírez","","masculino","España","",""
"343","http://www.wikidata.org/entity/Q3320346","Premio Nacional de Narrativa","http://www.wikidata.org/entity/Q32690","Alonso Zamora Vicente","","masculino","España","",""
"344","http://www.wikidata.org/entity/Q1630979","Premio Planeta","http://www.wikidata.org/entity/Q39803","Mario Vargas Llosa","","masculino","España","",""
"345","http://www.wikidata.org/entity/Q1088492","Premio Rómulo Gallegos","http://www.wikidata.org/entity/Q39803","Mario Vargas Llosa","","masculino","España","",""
"346","http://www.wikidata.org/entity/Q860699","Premio Nacional de Literatura","http://www.wikidata.org/entity/Q80871","Gabriela Mistral","http://commons.wikimedia.org/wiki/Special:FilePath/Gabriela%20Mistral%201945.jpg","femenino","Chile","1889-04-07T00:00:00Z","1957-01-10T00:00:00Z"
"347","http://www.wikidata.org/entity/Q860699","Premio Nacional de Literatura","http://www.wikidata.org/entity/Q116409","Ángel Cruchaga Santa María","http://commons.wikimedia.org/wiki/Special:FilePath/%C3%81ngel%20Cruchaga%20Santa%20Mar%C3%ADa.jpg","masculino","Chile","1893-03-23T00:00:00Z","1964-09-05T00:00:00Z"
"348","http://www.wikidata.org/entity/Q860699","Premio Nacional de Literatura","http://www.wikidata.org/entity/Q119563","Francisco Coloane","http://commons.wikimedia.org/wiki/Special:FilePath/Francisco%20Coloane%20%26%20Mario%20Uribe.jpg","masculino","Chile","1910-07-19T00:00:00Z","2002-08-05T00:00:00Z"
"349","http://www.wikidata.org/entity/Q3326922","Premio de la Crítica Española","http://www.wikidata.org/entity/Q134644","Vicente Aleixandre","http://commons.wikimedia.org/wiki/Special:FilePath/Vicentealeixandre.jpg","masculino","España","1898-04-26T00:00:00Z","1984-12-14T00:00:00Z"
"350","http://www.wikidata.org/entity/Q1088492","Premio Rómulo Gallegos","http://www.wikidata.org/entity/Q154691","Carlos Fuentes","http://commons.wikimedia.org/wiki/Special:FilePath/Carlos%20Fuentes%2C%20Paris%20-%20Mar%202009%20%2811%29.jpg","masculino","México","1928-11-11T00:00:00Z","2012-05-15T00:00:00Z"
"351","http://www.wikidata.org/entity/Q1088492","Premio Rómulo Gallegos","http://www.wikidata.org/entity/Q154691","Carlos Fuentes","http://commons.wikimedia.org/wiki/Special:FilePath/Carlos%20Fuentes%2C%20Paris%20-%20Mar%202009%20%2811%29.jpg","masculino","Panamá","1928-11-11T00:00:00Z","2012-05-15T00:00:00Z"
"352","http://www.wikidata.org/entity/Q3405924","Premio Internacional Alfonso Reyes","http://www.wikidata.org/entity/Q154691","Carlos Fuentes","http://commons.wikimedia.org/wiki/Special:FilePath/Carlos%20Fuentes%2C%20Paris%20-%20Mar%202009%20%2811%29.jpg","masculino","Panamá","1928-11-11T00:00:00Z","2012-05-15T00:00:00Z"
"353","http://www.wikidata.org/entity/Q3405924","Premio Internacional Alfonso Reyes","http://www.wikidata.org/entity/Q154691","Carlos Fuentes","http://commons.wikimedia.org/wiki/Special:FilePath/Carlos%20Fuentes%2C%20Paris%20-%20Mar%202009%20%2811%29.jpg","masculino","México","1928-11-11T00:00:00Z","2012-05-15T00:00:00Z"
"354","http://www.wikidata.org/entity/Q1630979","Premio Planeta","http://www.wikidata.org/entity/Q157004","Jorge Semprún","http://commons.wikimedia.org/wiki/Special:FilePath/Jorge%20Semprun%202009.jpg","masculino","España","1923-12-10T00:00:00Z","2011-06-07T00:00:00Z"
"355","http://www.wikidata.org/entity/Q926015","Premio Nadal","http://www.wikidata.org/entity/Q157326","Miguel Delibes","http://commons.wikimedia.org/wiki/Special:FilePath/Miguel%20Delibes%20%281998%29%20-%202.tif","masculino","España","1920-10-17T00:00:00Z","2010-03-12T00:00:00Z"
"356","http://www.wikidata.org/entity/Q1630979","Premio Planeta","http://www.wikidata.org/entity/Q172254","Iliá Méchnikov","http://commons.wikimedia.org/wiki/Special:FilePath/Ilya%20Mechnikov%20nobel.jpg","masculino","Imperio ruso","1845-05-15T00:00:00Z","1916-07-15T00:00:00Z"
"357","http://www.wikidata.org/entity/Q1630979","Premio Planeta","http://www.wikidata.org/entity/Q172254","Iliá Méchnikov","http://commons.wikimedia.org/wiki/Special:FilePath/Ilya%20Mechnikov%20nobel.jpg","masculino","Francia","1845-05-15T00:00:00Z","1916-07-15T00:00:00Z"
"358","http://www.wikidata.org/entity/Q926015","Premio Nadal","http://www.wikidata.org/entity/Q195236","Francisco Umbral","http://commons.wikimedia.org/wiki/Special:FilePath/Francisco%20Umbral%2C%201992.jpg","masculino","España","1932-05-11T00:00:00Z","2007-08-28T00:00:00Z"
"359","http://www.wikidata.org/entity/Q926015","Premio Nadal","http://www.wikidata.org/entity/Q195236","Francisco Umbral","http://commons.wikimedia.org/wiki/Special:FilePath/Francisco%20Umbral%2C%201992.jpg","masculino","España","1935-05-11T00:00:00Z","2007-08-28T00:00:00Z"
"360","http://www.wikidata.org/entity/Q1280377","Premio Alfaguara de Novela","http://www.wikidata.org/entity/Q200661","Juan Rulfo","http://commons.wikimedia.org/wiki/Special:FilePath/Rulfo%20por%20Lyon.jpg","masculino","México","1917-05-16T00:00:00Z","1986-01-07T00:00:00Z"
"361","http://www.wikidata.org/entity/Q1630979","Premio Planeta","http://www.wikidata.org/entity/Q235403","Ana María Matute","http://commons.wikimedia.org/wiki/Special:FilePath/Ana%20Mar%C3%ADa%20Matute.jpg","femenino","España","1925-07-26T00:00:00Z","2014-06-25T00:00:00Z"
"362","http://www.wikidata.org/entity/Q926015","Premio Nadal","http://www.wikidata.org/entity/Q235403","Ana María Matute","http://commons.wikimedia.org/wiki/Special:FilePath/Ana%20Mar%C3%ADa%20Matute.jpg","femenino","España","1925-07-26T00:00:00Z","2014-06-25T00:00:00Z"
"363","http://www.wikidata.org/entity/Q4663319","Premio Café Gijón","http://www.wikidata.org/entity/Q235403","Ana María Matute","http://commons.wikimedia.org/wiki/Special:FilePath/Ana%20Mar%C3%ADa%20Matute.jpg","femenino","España","1925-07-26T00:00:00Z","2014-06-25T00:00:00Z"
"364","http://www.wikidata.org/entity/Q926015","Premio Nadal","http://www.wikidata.org/entity/Q268582","Carmen Martín Gaite","http://commons.wikimedia.org/wiki/Special:FilePath/Carmen%20Mart%C3%ADn%20Gaite.jpg","femenino","España","1925-12-08T00:00:00Z","2000-07-22T00:00:00Z"
"365","http://www.wikidata.org/entity/Q4663319","Premio Café Gijón","http://www.wikidata.org/entity/Q268582","Carmen Martín Gaite","http://commons.wikimedia.org/wiki/Special:FilePath/Carmen%20Mart%C3%ADn%20Gaite.jpg","femenino","España","1925-12-08T00:00:00Z","2000-07-22T00:00:00Z"
"366","http://www.wikidata.org/entity/Q926015","Premio Nadal","http://www.wikidata.org/entity/Q269123","Carmen Laforet","http://commons.wikimedia.org/wiki/Special:FilePath/Portrait%20Carmen%20Laforet.jpg","femenino","España","1921-09-06T00:00:00Z","2004-02-28T00:00:00Z"
"367","http://www.wikidata.org/entity/Q860699","Premio Nacional de Literatura","http://www.wikidata.org/entity/Q275648","Marta Brunet","http://commons.wikimedia.org/wiki/Special:FilePath/Marta%20Brunet%20%281943%29.JPG","femenino","Chile","1897-08-09T00:00:00Z","1967-10-27T00:00:00Z"
"368","http://www.wikidata.org/entity/Q1088492","Premio Rómulo Gallegos","http://www.wikidata.org/entity/Q297532","Roberto Bolaño","http://commons.wikimedia.org/wiki/Special:FilePath/Roberto%20bola%C3%B1o.jpg","masculino","Chile","1953-04-28T00:00:00Z","2003-07-15T00:00:00Z"
"369","http://www.wikidata.org/entity/Q1630979","Premio Planeta","http://www.wikidata.org/entity/Q316884","Manuel Vázquez Montalbán","http://commons.wikimedia.org/wiki/Special:FilePath/Manuel%20V%C3%A1zquez%20Montalb%C3%A1n.jpg","masculino","España","1939-06-14T00:00:00Z","2003-10-18T00:00:00Z"
"370","http://www.wikidata.org/entity/Q1630979","Premio Planeta","http://www.wikidata.org/entity/Q316884","Manuel Vázquez Montalbán","http://commons.wikimedia.org/wiki/Special:FilePath/Manuel%20V%C3%A1zquez%20Montalb%C3%A1n.jpg","masculino","España","1939-07-27T00:00:00Z","2003-10-18T00:00:00Z"
"371","http://www.wikidata.org/entity/Q860699","Premio Nacional de Literatura","http://www.wikidata.org/entity/Q359880","Mariano Latorre","http://commons.wikimedia.org/wiki/Special:FilePath/Mariano%20Latorre.jpg","masculino","Chile","1886-01-04T00:00:00Z","1955-11-10T00:00:00Z"
"372","http://www.wikidata.org/entity/Q860699","Premio Nacional de Literatura","http://www.wikidata.org/entity/Q360170","Max Jara","http://commons.wikimedia.org/wiki/Special:FilePath/Max%20Jara.JPG","masculino","Chile","1886-08-21T00:00:00Z","1965-07-06T00:00:00Z"
"373","http://www.wikidata.org/entity/Q860699","Premio Nacional de Literatura","http://www.wikidata.org/entity/Q360832","Nicanor Parra","http://commons.wikimedia.org/wiki/Special:FilePath/Nicanor%20Parra%20%28cropped%29.jpg","masculino","Chile","1914-09-05T00:00:00Z","2018-01-23T00:00:00Z"
"374","http://www.wikidata.org/entity/Q860699","Premio Nacional de Literatura","http://www.wikidata.org/entity/Q381097","Gonzalo Rojas","http://commons.wikimedia.org/wiki/Special:FilePath/Gonzalo%20Rojas%20-%20PUC.jpg","masculino","Chile","1917-12-20T00:00:00Z","2011-04-25T00:00:00Z"
"375","http://www.wikidata.org/entity/Q860699","Premio Nacional de Literatura","http://www.wikidata.org/entity/Q381097","Gonzalo Rojas","http://commons.wikimedia.org/wiki/Special:FilePath/Gonzalo%20Rojas%20-%20PUC.jpg","masculino","España","1917-12-20T00:00:00Z","2011-04-25T00:00:00Z"
"376","http://www.wikidata.org/entity/Q860699","Premio Nacional de Literatura","http://www.wikidata.org/entity/Q439761","José Donoso","http://commons.wikimedia.org/wiki/Special:FilePath/Jos%C3%A9%20Donoso%2C%201981.jpg","masculino","Chile","1924-10-05T00:00:00Z","1996-12-07T00:00:00Z"
"377","http://www.wikidata.org/entity/Q3326922","Premio de la Crítica Española","http://www.wikidata.org/entity/Q468852","Rosa Chacel","http://commons.wikimedia.org/wiki/Special:FilePath/Rosa%20Chacel.jpg","femenino","España","1898-06-03T00:00:00Z","1994-07-27T00:00:00Z"
"378","http://www.wikidata.org/entity/Q1630979","Premio Planeta","http://www.wikidata.org/entity/Q500546","Gonzalo Torrente Ballester","http://commons.wikimedia.org/wiki/Special:FilePath/Gonzalo%20Torrente%20Ballester%201.jpg","masculino","España","1910-06-13T00:00:00Z","1999-01-27T00:00:00Z"
"379","http://www.wikidata.org/entity/Q926015","Premio Nadal","http://www.wikidata.org/entity/Q505383","Rafael Sánchez Ferlosio","http://commons.wikimedia.org/wiki/Special:FilePath/Sanchez%20Ferlosio.jpg","masculino","Reino de Italia","1927-12-04T00:00:00Z","2019-04-01T00:00:00Z"
"380","http://www.wikidata.org/entity/Q926015","Premio Nadal","http://www.wikidata.org/entity/Q505383","Rafael Sánchez Ferlosio","http://commons.wikimedia.org/wiki/Special:FilePath/Sanchez%20Ferlosio.jpg","masculino","Italia","1927-12-04T00:00:00Z","2019-04-01T00:00:00Z"
"381","http://www.wikidata.org/entity/Q926015","Premio Nadal","http://www.wikidata.org/entity/Q505383","Rafael Sánchez Ferlosio","http://commons.wikimedia.org/wiki/Special:FilePath/Sanchez%20Ferlosio.jpg","masculino","España","1927-12-04T00:00:00Z","2019-04-01T00:00:00Z"
"382","http://www.wikidata.org/entity/Q1088492","Premio Rómulo Gallegos","http://www.wikidata.org/entity/Q505949","Arturo Uslar Pietri","http://commons.wikimedia.org/wiki/Special:FilePath/Uslar%20Pietri.jpg","masculino","Venezuela","1906-05-16T00:00:00Z","2001-01-01T00:00:00Z"
"383","http://www.wikidata.org/entity/Q1088492","Premio Rómulo Gallegos","http://www.wikidata.org/entity/Q505949","Arturo Uslar Pietri","http://commons.wikimedia.org/wiki/Special:FilePath/Uslar%20Pietri.jpg","masculino","Venezuela","1906-05-16T00:00:00Z","2001-02-26T00:00:00Z"
"384","http://www.wikidata.org/entity/Q3405924","Premio Internacional Alfonso Reyes","http://www.wikidata.org/entity/Q505949","Arturo Uslar Pietri","http://commons.wikimedia.org/wiki/Special:FilePath/Uslar%20Pietri.jpg","masculino","Venezuela","1906-05-16T00:00:00Z","2001-01-01T00:00:00Z"
"385","http://www.wikidata.org/entity/Q3405924","Premio Internacional Alfonso Reyes","http://www.wikidata.org/entity/Q505949","Arturo Uslar Pietri","http://commons.wikimedia.org/wiki/Special:FilePath/Uslar%20Pietri.jpg","masculino","Venezuela","1906-05-16T00:00:00Z","2001-02-26T00:00:00Z"
"386","http://www.wikidata.org/entity/Q860699","Premio Nacional de Literatura","http://www.wikidata.org/entity/Q514384","Diego Dublé Urrutia","http://commons.wikimedia.org/wiki/Special:FilePath/D.%20Duble%20Urrutia.JPG","masculino","Chile","1877-07-08T00:00:00Z","1967-11-13T00:00:00Z"
"387","http://www.wikidata.org/entity/Q1088492","Premio Rómulo Gallegos","http://www.wikidata.org/entity/Q557774","Fernando del Paso Morante","http://commons.wikimedia.org/wiki/Special:FilePath/Fernando%20del%20Paso.jpg","masculino","México","1935-04-01T00:00:00Z","2018-11-14T00:00:00Z"
"388","http://www.wikidata.org/entity/Q3405924","Premio Internacional Alfonso Reyes","http://www.wikidata.org/entity/Q557774","Fernando del Paso Morante","http://commons.wikimedia.org/wiki/Special:FilePath/Fernando%20del%20Paso.jpg","masculino","México","1935-04-01T00:00:00Z","2018-11-14T00:00:00Z"
"389","http://www.wikidata.org/entity/Q3405924","Premio Internacional Alfonso Reyes","http://www.wikidata.org/entity/Q561833","José Emilio Pacheco","http://commons.wikimedia.org/wiki/Special:FilePath/MEX%20ON%20JOSE%20EMILIO%20PACHECO%20%2812166149286%29.jpg","masculino","Ciudad de México","1939-06-30T00:00:00Z","2014-01-26T00:00:00Z"
"390","http://www.wikidata.org/entity/Q1088492","Premio Rómulo Gallegos","http://www.wikidata.org/entity/Q583814","Ricardo Piglia","http://commons.wikimedia.org/wiki/Special:FilePath/Ricardo%20Piglia.jpg","masculino","Argentina","1941-11-24T00:00:00Z","2017-01-06T00:00:00Z"
"391","http://www.wikidata.org/entity/Q926015","Premio Nadal","http://www.wikidata.org/entity/Q712518","Juan José Saer","http://commons.wikimedia.org/wiki/Special:FilePath/Juan%20Jos%C3%A9%20Saer.jpg","masculino","Argentina","1937-06-28T00:00:00Z","2005-06-11T00:00:00Z"
"392","http://www.wikidata.org/entity/Q1630979","Premio Planeta","http://www.wikidata.org/entity/Q734397","Ramón J. Sender Garcés","http://commons.wikimedia.org/wiki/Special:FilePath/Ramon%20J%20Sender.jpg","masculino","España","1901-02-03T00:00:00Z","1982-01-16T00:00:00Z"
"393","http://www.wikidata.org/entity/Q1630979","Premio Planeta","http://www.wikidata.org/entity/Q736990","Terenci Moix","http://commons.wikimedia.org/wiki/Special:FilePath/Terenci%20Moix.jpg","masculino","España","1942-01-05T00:00:00Z","2003-04-02T00:00:00Z"
"394","http://www.wikidata.org/entity/Q860699","Premio Nacional de Literatura","http://www.wikidata.org/entity/Q769883","Augusto d'Halmar","http://commons.wikimedia.org/wiki/Special:FilePath/Retrato%20de%20Augusto%20d%27Halmar.jpg","masculino","Chile","1880-01-01T00:00:00Z","1950-01-27T00:00:00Z"
"395","http://www.wikidata.org/entity/Q860699","Premio Nacional de Literatura","http://www.wikidata.org/entity/Q769883","Augusto d'Halmar","http://commons.wikimedia.org/wiki/Special:FilePath/Retrato%20de%20Augusto%20d%27Halmar.jpg","masculino","Chile","1882-04-23T00:00:00Z","1950-01-27T00:00:00Z"
"396","http://www.wikidata.org/entity/Q3888785","Premio Adonáis de Poesía","http://www.wikidata.org/entity/Q770123","José Hierro","http://commons.wikimedia.org/wiki/Special:FilePath/Jos%C3%A9%20Hierro-SSReyes.jpg","masculino","España","1922-04-03T00:00:00Z","2002-12-21T00:00:00Z"
"397","http://www.wikidata.org/entity/Q1088492","Premio Rómulo Gallegos","http://www.wikidata.org/entity/Q946599","Manuel Mejía Vallejo","http://commons.wikimedia.org/wiki/Special:FilePath/Manuel%20Mej%C3%ADa%20Vallejo.jpg","masculino","Colombia","1923-04-23T00:00:00Z","1998-07-23T00:00:00Z"
"398","http://www.wikidata.org/entity/Q926015","Premio Nadal","http://www.wikidata.org/entity/Q946599","Manuel Mejía Vallejo","http://commons.wikimedia.org/wiki/Special:FilePath/Manuel%20Mej%C3%ADa%20Vallejo.jpg","masculino","Colombia","1923-04-23T00:00:00Z","1998-07-23T00:00:00Z"
"399","http://www.wikidata.org/entity/Q860699","Premio Nacional de Literatura","http://www.wikidata.org/entity/Q980023","José Santos González Vera","http://commons.wikimedia.org/wiki/Special:FilePath/Jos%C3%A9%20Santos%20Gonz%C3%A1lez%20Vera.jpg","masculino","Chile","1897-09-17T00:00:00Z","1970-02-27T00:00:00Z"
"400","http://www.wikidata.org/entity/Q3405924","Premio Internacional Alfonso Reyes","http://www.wikidata.org/entity/Q1139047","António Cândido","http://commons.wikimedia.org/wiki/Special:FilePath/AntonioCandido.jpg","masculino","Brasil","1918-07-24T00:00:00Z","2017-05-12T00:00:00Z"
"401","http://www.wikidata.org/entity/Q860699","Premio Nacional de Literatura","http://www.wikidata.org/entity/Q1170260","Pablo de Rokha","http://commons.wikimedia.org/wiki/Special:FilePath/Pablo%20de%20Rokha%2C%20Licant%C3%A9n.jpg","masculino","Chile","1895-10-17T00:00:00Z","1968-09-10T00:00:00Z"
"402","http://www.wikidata.org/entity/Q860699","Premio Nacional de Literatura","http://www.wikidata.org/entity/Q1290817","Eduardo Barrios","http://commons.wikimedia.org/wiki/Special:FilePath/Eduardo%20Barrios.jpg","masculino","Chile","1884-10-25T00:00:00Z","1963-09-13T00:00:00Z"
"403","http://www.wikidata.org/entity/Q860699","Premio Nacional de Literatura","http://www.wikidata.org/entity/Q1357716","Volodia Teitelboim","http://commons.wikimedia.org/wiki/Special:FilePath/Volodia%20Teitelboim%20Volosky.jpg","masculino","Chile","1916-03-17T00:00:00Z","2008-01-31T00:00:00Z"
"404","http://www.wikidata.org/entity/Q860699","Premio Nacional de Literatura","http://www.wikidata.org/entity/Q1357716","Volodia Teitelboim","http://commons.wikimedia.org/wiki/Special:FilePath/Volodia%20Teitelboim%20Volosky.jpg","masculino","Chile","1916-03-19T00:00:00Z","2008-01-31T00:00:00Z"
